{"cameraMode":{"drawMode":0,"name":"Shaded","section":"Shading Mode"},"sceneLighting":true,"audioPlay":false,"sceneViewState":{"m_AlwaysRefresh":false,"showFog":true,"showSkybox":true,"showFlares":true,"showImageEffects":true,"showParticleSystems":true,"showVisualEffectGraphs":true,"m_FxEnabled":true},"in2DMode":false,"pivot":{"x":-3.0041608810424806,"y":2.027867317199707,"z":0.16515614092350007},"rotation":{"x":-0.04803144559264183,"y":-0.7675418853759766,"z":0.057912033051252368,"w":-0.6365741491317749},"size":0.3493543565273285,"orthographic":false}