{"cameraMode":{"drawMode":0,"name":"Shaded","section":"Shading Mode"},"sceneLighting":false,"audioPlay":false,"sceneViewState":{"m_AlwaysRefresh":false,"showFog":true,"showSkybox":false,"showFlares":true,"showImageEffects":true,"showParticleSystems":true,"showVisualEffectGraphs":true,"m_FxEnabled":true},"in2DMode":false,"pivot":{"x":-0.3791522979736328,"y":-0.13067007064819337,"z":0.954329252243042},"rotation":{"x":-0.12308120727539063,"y":0.7378535866737366,"z":-0.13999111950397492,"w":-0.6487212181091309},"size":1.7129687070846558,"orthographic":false}