{"cameraMode":{"drawMode":0,"name":"Shaded","section":"Shading Mode"},"sceneLighting":false,"audioPlay":false,"sceneViewState":{"m_AlwaysRefresh":false,"showFog":true,"showSkybox":false,"showFlares":true,"showImageEffects":true,"showParticleSystems":true,"showVisualEffectGraphs":true,"m_FxEnabled":true},"in2DMode":false,"pivot":{"x":-0.24661502242088319,"y":1.4026812314987183,"z":0.1259915828704834},"rotation":{"x":-0.007475175894796848,"y":0.9923761487007141,"z":-0.07787191867828369,"w":-0.0952603742480278},"size":1.1034388542175294,"orthographic":false}