{"cameraMode":{"drawMode":0,"name":"Shaded","section":"Shading Mode"},"sceneLighting":true,"audioPlay":false,"sceneViewState":{"m_AlwaysRefresh":false,"showFog":true,"showSkybox":true,"showFlares":true,"showImageEffects":true,"showParticleSystems":true,"showVisualEffectGraphs":true,"m_FxEnabled":true},"in2DMode":false,"pivot":{"x":-3.279343605041504,"y":-1.0161542892456055,"z":-0.6356725692749023},"rotation":{"x":-0.17020583152770997,"y":0.38774025440216067,"z":-0.07308701425790787,"w":-0.9029684066772461},"size":11.440627098083496,"orthographic":false}