{"cameraMode":{"drawMode":0,"name":"Shaded","section":"Shading Mode"},"sceneLighting":true,"audioPlay":false,"sceneViewState":{"m_AlwaysRefresh":false,"showFog":true,"showSkybox":true,"showFlares":true,"showImageEffects":true,"showParticleSystems":true,"showVisualEffectGraphs":true,"m_FxEnabled":true},"in2DMode":false,"pivot":{"x":0.2776308059692383,"y":-0.032912254333496097,"z":0.9725465774536133},"rotation":{"x":-0.13528117537498475,"y":0.8138316869735718,"z":-0.20980869233608247,"w":-0.5247451066970825},"size":8.486262321472168,"orthographic":false}