{"cameraMode":{"drawMode":0,"name":"Shaded","section":"Shading Mode"},"sceneLighting":true,"audioPlay":false,"sceneViewState":{"m_AlwaysRefresh":false,"showFog":true,"showSkybox":true,"showFlares":true,"showImageEffects":true,"showParticleSystems":true,"showVisualEffectGraphs":true,"m_FxEnabled":true},"in2DMode":false,"pivot":{"x":-7.471663475036621,"y":3.9023334980010988,"z":0.7247876524925232},"rotation":{"x":0.07092122733592987,"y":0.6118170619010925,"z":-0.0552118681371212,"w":0.7858800292015076},"size":0.10958115011453629,"orthographic":false}