{"cameraMode":{"drawMode":0,"name":"Shaded","section":"Shading Mode"},"sceneLighting":true,"audioPlay":false,"sceneViewState":{"m_AlwaysRefresh":false,"showFog":true,"showSkybox":true,"showFlares":true,"showImageEffects":true,"showParticleSystems":true,"showVisualEffectGraphs":true,"m_FxEnabled":true},"in2DMode":false,"pivot":{"x":6.675365447998047,"y":0.17984271049499513,"z":-4.36111307144165},"rotation":{"x":0.07141506671905518,"y":0.7091115713119507,"z":-0.07258029282093048,"w":0.6977123022079468},"size":10.859440803527832,"orthographic":false}