{"cameraMode":{"drawMode":0,"name":"Shaded","section":"Shading Mode"},"sceneLighting":true,"audioPlay":false,"sceneViewState":{"m_AlwaysRefresh":false,"showFog":true,"showSkybox":true,"showFlares":true,"showImageEffects":true,"showParticleSystems":true,"showVisualEffectGraphs":true,"m_FxEnabled":true},"in2DMode":false,"pivot":{"x":1.1348214149475098,"y":2.238166570663452,"z":-10.433219909667969},"rotation":{"x":0.19140420854091645,"y":-0.45089972019195559,"z":0.09964708238840103,"w":0.8660986423492432},"size":3.825640916824341,"orthographic":false}